{
  "code": 1001,
  "data": [
    {
      "longitude": 115.60763694268017,
      "latitude": 39.942278054608856,
      "type": "11B03",
      "level": "RED"
    },
    {
      "longitude": 115.90259111216525,
      "latitude": 39.6079880578456,
      "type": "11B06",
      "level": "ORANGE"
    },
    {
      "longitude": 117.01023305295723,
      "latitude": 40.11595388663518,
      "type": "11B06",
      "level": "YELLOW"
    },
    {
      "longitude": 116.14935110860024,
      "latitude": 40.52645611088962,
      "type": "11B06",
      "level": "BLUE"
    },
    {
      "longitude": 117.34431000109393,
      "latitude": 40.64798194319756,
      "type": "11B19",
      "level": "ORANGE"
    }
  ]
}
